lang_a,lang_b,clcs
bg,hi,0.6094182825484764
bg,sr,0.6121883656509696
hi,lv,0.6204986149584487
bg,sl,0.6232686980609419
bg,zh,0.6260387811634349
bg,da,0.631578947368421
hi,hu,0.6343490304709142
bg,lv,0.6371191135734072
bg,bs,0.6398891966759003
bg,fi,0.6398891966759003
