family,mean_clcs,num_pairs
Germanic,0.8625250501002004,10
Romance,0.8474949899799599,10
Uralic,0.8176352705410822,1
Slavic,0.77374749498998,10
Semitic,0.7474949899799599,1
