family,mean_clcs,num_pairs
Germanic,0.78595178719867,6
Romance,0.7753117206982544,10
Uralic,0.7107231920199502,1
Semitic,0.7007481296758105,1
Slavic,0.700498753117207,10
