family,mean_clcs,num_pairs
Germanic,0.765491452991453,6
Romance,0.7621794871794872,10
Slavic,0.6923076923076923,10
Uralic,0.6858974358974359,1
Semitic,0.6762820512820513,1
