family,mean_clcs,num_pairs
Romance,0.8169871794871796,10
Germanic,0.7905982905982906,6
Slavic,0.7397435897435898,10
Uralic,0.7243589743589743,1
Semitic,0.6762820512820513,1
