family,mean_clcs,num_pairs
Romance,0.8567307692307692,10
Germanic,0.8237179487179488,6
Semitic,0.8108974358974359,1
Slavic,0.7365384615384615,10
Uralic,0.6794871794871795,1
