family,mean_clcs,num_pairs
Germanic,0.8536324786324787,6
Romance,0.8506410256410255,10
Uralic,0.8076923076923077,1
Slavic,0.7711538461538462,10
Semitic,0.7692307692307693,1
