model,global_clcs
xlmr-base,0.7947588298289701
aya-expanse,0.7617491772616426
mbert,0.7608073289436015
llama3.1,0.7150357723923809
mdeberta,0.6616937578861426
