{
  "xlmr-base": 0.7896394915625685,
  "aya-expanse": 0.7544926583388122,
  "mbert": 0.732851194389656,
  "llama3.1": 0.6991379940097889,
  "mdeberta": 0.6534717656512529
}