family,mean_clcs,num_pairs
Romance,0.8695290858725763,10
Germanic,0.8310249307479225,6
Semitic,0.8060941828254847,1
Slavic,0.7457063711911357,10
Uralic,0.6925207756232687,1
