family,mean_clcs,num_pairs
Romance,0.8372745490981964,10
Germanic,0.82625250501002,10
Slavic,0.7635270541082164,10
Uralic,0.7374749498997996,1
Semitic,0.7094188376753507,1
