family,mean_clcs,num_pairs
Romance,0.7358974358974358,10
Germanic,0.717948717948718,6
Slavic,0.6705128205128206,10
Semitic,0.6346153846153846,1
Uralic,0.5993589743589743,1
