family,mean_clcs,num_pairs
Romance,0.7372745490981963,10
Germanic,0.731062124248497,10
Slavic,0.6811623246492986,10
Semitic,0.6132264529058116,1
Uralic,0.5430861723446894,1
