{
  "mbert": 0.7608073289436015,
  "xlmr-base": 0.7947588298289701,
  "mdeberta": 0.6616937578861426,
  "llama3.1": 0.7150357723923809,
  "aya-expanse": 0.7617491772616426
}