{
  "xlmr-base": 0.674422,
  "aya-expanse": 0.628305,
  "mbert": 0.5262,
  "llama3.1": 0.529432,
  "mdeberta": 0.365074
}