lang_a,lang_b,clcs
bg,hi,0.6034912718204489
bg,sl,0.6059850374064838
bs,hi,0.6184538653366584
bg,he,0.6209476309226932
bg,hr,0.6234413965087282
bg,hu,0.6259351620947631
ar,bg,0.628428927680798
hi,sr,0.628428927680798
id,sl,0.628428927680798
bg,ru,0.6309226932668329
