lang_a,lang_b,clcs
bg,hi,0.6472945891783567
bg,lv,0.6513026052104208
bg,he,0.657314629258517
el,hi,0.6693386773547094
bg,zh,0.6713426853707415
da,lv,0.6773547094188377
de,he,0.6773547094188377
hi,lv,0.6773547094188377
hi,pl,0.6773547094188377
hi,sl,0.6773547094188377
