lang_a,lang_b,clcs
bg,hi,0.6833667334669339
bg,he,0.687374749498998
bg,el,0.6933867735470942
bg,sr,0.6953907815631263
bg,zh,0.6973947895791583
bg,uk,0.6993987975951904
bg,bs,0.7074148296593187
bg,cs,0.7114228456913828
bg,da,0.7154308617234469
el,hi,0.7154308617234469
